Workbook

Sheet Sheet1
A1: Month | B1: Season | C1: Hours Ending
A2: 1 | B2: Winter | C2: 17,18,19,20,21
A3: 2 | B3: Winter | C3: 17,18,19,20,21
A4: 3 | B4: Spring | C4: 18,19,20,21,22
A5: 4 | B5: Spring | C5: 18,19,20,21,22
A6: 5 | B6: Spring | C6: 18,19,20,21,22
A7: 6 | B7: Summer | C7: 17,18,19,20,21
A8: 7 | B8: Summer | C8: 17,18,19,20,21
A9: 8 | B9: Summer | C9: 17,18,19,20,21
A10: 9 | B10: Summer | C10: 17,18,19,20,21
A11: 10 | B11: Winter | C11: 17,18,19,20,21
A12: 11 | B12: Winter | C12: 17,18,19,20,21
A13: 12 | B13: Winter | C13: 17,18,19,20,21

Sheet Sheet2
A1: START DATETIME | B1: END DATETIME | C1: SEASON | D1: DEMAND HOUR
A2: 44562 | B2: =A2+1/24 -> 44562.042 | C2: =_xlfn.XLOOKUP(MONTH(A2),Sheet1!$A$2:$A$13,Sheet1!$B$2:$B$13,"") -> Winter | D2: {=OR(HOUR(Sheet2!B2)&""=_xlfn.TEXTSPLIT(_xlfn.XLOOKUP(MONTH(B2),Sheet1!$A$2:$A$13,Sheet1!$C$2:$C$13),","))} -> FALSE
A3: 44562.042 | B3: =A3+1/24 -> 44562.083 | C3: =_xlfn.XLOOKUP(MONTH(A3),Sheet1!$A$2:$A$13,Sheet1!$B$2:$B$13,"") -> Winter | D3: {=OR(HOUR(Sheet2!B3)&""=_xlfn.TEXTSPLIT(_xlfn.XLOOKUP(MONTH(B3),Sheet1!$A$2:$A$13,Sheet1!$C$2:$C$13),","))} -> FALSE
A4: 44562.083 | B4: =A4+1/24 -> 44562.125 | C4: =_xlfn.XLOOKUP(MONTH(A4),Sheet1!$A$2:$A$13,Sheet1!$B$2:$B$13,"") -> Winter | D4: {=OR(HOUR(Sheet2!B4)&""=_xlfn.TEXTSPLIT(_xlfn.XLOOKUP(MONTH(B4),Sheet1!$A$2:$A$13,Sheet1!$C$2:$C$13),","))} -> FALSE
A5: 44562.125 | B5: =A5+1/24 -> 44562.167 | C5: =_xlfn.XLOOKUP(MONTH(A5),Sheet1!$A$2:$A$13,Sheet1!$B$2:$B$13,"") -> Winter | D5: {=OR(HOUR(Sheet2!B5)&""=_xlfn.TEXTSPLIT(_xlfn.XLOOKUP(MONTH(B5),Sheet1!$A$2:$A$13,Sheet1!$C$2:$C$13),","))} -> FALSE
A6: 44562.167 | B6: =A6+1/24 -> 44562.208 | C6: =_xlfn.XLOOKUP(MONTH(A6),Sheet1!$A$2:$A$13,Sheet1!$B$2:$B$13,"") -> Winter | D6: {=OR(HOUR(Sheet2!B6)&""=_xlfn.TEXTSPLIT(_xlfn.XLOOKUP(MONTH(B6),Sheet1!$A$2:$A$13,Sheet1!$C$2:$C$13),","))} -> FALSE
A7: 44562.208 | B7: =A7+1/24 -> 44562.25 | C7: =_xlfn.XLOOKUP(MONTH(A7),Sheet1!$A$2:$A$13,Sheet1!$B$2:$B$13,"") -> Winter | D7: {=OR(HOUR(Sheet2!B7)&""=_xlfn.TEXTSPLIT(_xlfn.XLOOKUP(MONTH(B7),Sheet1!$A$2:$A$13,Sheet1!$C$2:$C$13),","))} -> FALSE
A8: 44562.25 | B8: =A8+1/24 -> 44562.292 | C8: =_xlfn.XLOOKUP(MONTH(A8),Sheet1!$A$2:$A$13,Sheet1!$B$2:$B$13,"") -> Winter | D8: {=OR(HOUR(Sheet2!B8)&""=_xlfn.TEXTSPLIT(_xlfn.XLOOKUP(MONTH(B8),Sheet1!$A$2:$A$13,Sheet1!$C$2:$C$13),","))} -> FALSE
A9: 44562.292 | B9: =A9+1/24 -> 44562.333 | C9: =_xlfn.XLOOKUP(MONTH(A9),Sheet1!$A$2:$A$13,Sheet1!$B$2:$B$13,"") -> Winter | D9: {=OR(HOUR(Sheet2!B9)&""=_xlfn.TEXTSPLIT(_xlfn.XLOOKUP(MONTH(B9),Sheet1!$A$2:$A$13,Sheet1!$C$2:$C$13),","))} -> FALSE
A10: 44562.333 | B10: =A10+1/24 -> 44562.375 | C10: =_xlfn.XLOOKUP(MONTH(A10),Sheet1!$A$2:$A$13,Sheet1!$B$2:$B$13,"") -> Winter | D10: {=OR(HOUR(Sheet2!B10)&""=_xlfn.TEXTSPLIT(_xlfn.XLOOKUP(MONTH(B10),Sheet1!$A$2:$A$13,Sheet1!$C$2:$C$13),","))} -> FALSE
A11: 44562.375 | B11: =A11+1/24 -> 44562.417 | C11: =_xlfn.XLOOKUP(MONTH(A11),Sheet1!$A$2:$A$13,Sheet1!$B$2:$B$13,"") -> Winter | D11: {=OR(HOUR(Sheet2!B11)&""=_xlfn.TEXTSPLIT(_xlfn.XLOOKUP(MONTH(B11),Sheet1!$A$2:$A$13,Sheet1!$C$2:$C$13),","))} -> FALSE
A12: 44562.417 | B12: =A12+1/24 -> 44562.458 | C12: =_xlfn.XLOOKUP(MONTH(A12),Sheet1!$A$2:$A$13,Sheet1!$B$2:$B$13,"") -> Winter | D12: {=OR(HOUR(Sheet2!B12)&""=_xlfn.TEXTSPLIT(_xlfn.XLOOKUP(MONTH(B12),Sheet1!$A$2:$A$13,Sheet1!$C$2:$C$13),","))} -> FALSE
A13: 44562.458 | B13: =A13+1/24 -> 44562.5 | C13: =_xlfn.XLOOKUP(MONTH(A13),Sheet1!$A$2:$A$13,Sheet1!$B$2:$B$13,"") -> Winter | D13: {=OR(HOUR(Sheet2!B13)&""=_xlfn.TEXTSPLIT(_xlfn.XLOOKUP(MONTH(B13),Sheet1!$A$2:$A$13,Sheet1!$C$2:$C$13),","))} -> FALSE
... A26305: 45657.958 | B26305: =A26305+1/24 -> 45658 | C26305: =_xlfn.XLOOKUP(MONTH(A26305),Sheet1!$A$2:$A$13,Sheet1!$B$2:$B$13,"") -> Winter | D26305: {=OR(HOUR(Sheet2!B26305)&""=_xlfn.TEXTSPLIT(_xlfn.XLOOKUP(MONTH(B26305),Sheet1!$A$2:$A$13,Sheet1!$C$2:$C$13),","))} -> FALSE
A26306: =A26305+1/24 -> 45658 | B26306: =B26305+1/24 -> 45658.042 | C26306: =_xlfn.XLOOKUP(MONTH(A26306),Sheet1!$A$2:$A$13,Sheet1!$B$2:$B$13,"") -> Winter | D26306: {=OR(HOUR(Sheet2!B26306)&""=_xlfn.TEXTSPLIT(_xlfn.XLOOKUP(MONTH(B26306),Sheet1!$A$2:$A$13,Sheet1!$C$2:$C$13),","))} -> FALSE
A26307: =A26306+1/24 -> 45658.042 | B26307: =B26306+1/24 -> 45658.083 | C26307: =_xlfn.XLOOKUP(MONTH(A26307),Sheet1!$A$2:$A$13,Sheet1!$B$2:$B$13,"") -> Winter | D26307: {=OR(HOUR(Sheet2!B26307)&""=_xlfn.TEXTSPLIT(_xlfn.XLOOKUP(MONTH(B26307),Sheet1!$A$2:$A$13,Sheet1!$C$2:$C$13),","))} -> FALSE
A26308: =A26307+1/24 -> 45658.083 | B26308: =B26307+1/24 -> 45658.125 | C26308: =_xlfn.XLOOKUP(MONTH(A26308),Sheet1!$A$2:$A$13,Sheet1!$B$2:$B$13,"") -> Winter | D26308: {=OR(HOUR(Sheet2!B26308)&""=_xlfn.TEXTSPLIT(_xlfn.XLOOKUP(MONTH(B26308),Sheet1!$A$2:$A$13,Sheet1!$C$2:$C$13),","))} -> FALSE
A26309: =A26308+1/24 -> 45658.125 | B26309: =B26308+1/24 -> 45658.167 | C26309: =_xlfn.XLOOKUP(MONTH(A26309),Sheet1!$A$2:$A$13,Sheet1!$B$2:$B$13,"") -> Winter | D26309: {=OR(HOUR(Sheet2!B26309)&""=_xlfn.TEXTSPLIT(_xlfn.XLOOKUP(MONTH(B26309),Sheet1!$A$2:$A$13,Sheet1!$C$2:$C$13),","))} -> FALSE
A26310: =A26309+1/24 -> 45658.167 | B26310: =B26309+1/24 -> 45658.208 | C26310: =_xlfn.XLOOKUP(MONTH(A26310),Sheet1!$A$2:$A$13,Sheet1!$B$2:$B$13,"") -> Winter | D26310: {=OR(HOUR(Sheet2!B26310)&""=_xlfn.TEXTSPLIT(_xlfn.XLOOKUP(MONTH(B26310),Sheet1!$A$2:$A$13,Sheet1!$C$2:$C$13),","))} -> FALSE
A26311: =A26310+1/24 -> 45658.208 | B26311: =B26310+1/24 -> 45658.25 | C26311: =_xlfn.XLOOKUP(MONTH(A26311),Sheet1!$A$2:$A$13,Sheet1!$B$2:$B$13,"") -> Winter | D26311: {=OR(HOUR(Sheet2!B26311)&""=_xlfn.TEXTSPLIT(_xlfn.XLOOKUP(MONTH(B26311),Sheet1!$A$2:$A$13,Sheet1!$C$2:$C$13),","))} -> FALSE
A26312: =A26311+1/24 -> 45658.25 | B26312: =B26311+1/24 -> 45658.292 | C26312: =_xlfn.XLOOKUP(MONTH(A26312),Sheet1!$A$2:$A$13,Sheet1!$B$2:$B$13,"") -> Winter | D26312: {=OR(HOUR(Sheet2!B26312)&""=_xlfn.TEXTSPLIT(_xlfn.XLOOKUP(MONTH(B26312),Sheet1!$A$2:$A$13,Sheet1!$C$2:$C$13),","))} -> FALSE
A26313: =A26312+1/24 -> 45658.292 | B26313: =B26312+1/24 -> 45658.333 | C26313: =_xlfn.XLOOKUP(MONTH(A26313),Sheet1!$A$2:$A$13,Sheet1!$B$2:$B$13,"") -> Winter | D26313: {=OR(HOUR(Sheet2!B26313)&""=_xlfn.TEXTSPLIT(_xlfn.XLOOKUP(MONTH(B26313),Sheet1!$A$2:$A$13,Sheet1!$C$2:$C$13),","))} -> FALSE
A26314: =A26313+1/24 -> 45658.333 | B26314: =B26313+1/24 -> 45658.375 | C26314: =_xlfn.XLOOKUP(MONTH(A26314),Sheet1!$A$2:$A$13,Sheet1!$B$2:$B$13,"") -> Winter | D26314: {=OR(HOUR(Sheet2!B26314)&""=_xlfn.TEXTSPLIT(_xlfn.XLOOKUP(MONTH(B26314),Sheet1!$A$2:$A$13,Sheet1!$C$2:$C$13),","))} -> FALSE
A26315: =A26314+1/24 -> 45658.375 | B26315: =B26314+1/24 -> 45658.417 | C26315: =_xlfn.XLOOKUP(MONTH(A26315),Sheet1!$A$2:$A$13,Sheet1!$B$2:$B$13,"") -> Winter | D26315: {=OR(HOUR(Sheet2!B26315)&""=_xlfn.TEXTSPLIT(_xlfn.XLOOKUP(MONTH(B26315),Sheet1!$A$2:$A$13,Sheet1!$C$2:$C$13),","))} -> FALSE
A26316: =A26315+1/24 -> 45658.417 | B26316: =B26315+1/24 -> 45658.458 | C26316: =_xlfn.XLOOKUP(MONTH(A26316),Sheet1!$A$2:$A$13,Sheet1!$B$2:$B$13,"") -> Winter | D26316: {=OR(HOUR(Sheet2!B26316)&""=_xlfn.TEXTSPLIT(_xlfn.XLOOKUP(MONTH(B26316),Sheet1!$A$2:$A$13,Sheet1!$C$2:$C$13),","))} -> FALSE
A26317: =A26316+1/24 -> 45658.458 | B26317: =B26316+1/24 -> 45658.5 | C26317: =_xlfn.XLOOKUP(MONTH(A26317),Sheet1!$A$2:$A$13,Sheet1!$B$2:$B$13,"") -> Winter | D26317: {=OR(HOUR(Sheet2!B26317)&""=_xlfn.TEXTSPLIT(_xlfn.XLOOKUP(MONTH(B26317),Sheet1!$A$2:$A$13,Sheet1!$C$2:$C$13),","))} -> FALSE
... A35065: =A35064+1/24 -> 46022.958 | B35065: =B35064+1/24 -> 46023 | C35065: =_xlfn.XLOOKUP(MONTH(A35065),Sheet1!$A$2:$A$13,Sheet1!$B$2:$B$13,"") -> Winter | D35065: {=OR(HOUR(Sheet2!B35065)&""=_xlfn.TEXTSPLIT(_xlfn.XLOOKUP(MONTH(B35065),Sheet1!$A$2:$A$13,Sheet1!$C$2:$C$13),","))} -> FALSE
